ecosystem_a,ecosystem_b,shared_developers
ethereum,polygon,56
chia,dash,43
ethereum,uniswap,37
ethereum,tools,25
ethereum,polkadot,11
ethereum,ethereum-classic,8
ethereum,general,8
blockchain,ethereum,7
ethereum,gnosis,6
chainlink,ethereum,5
ethereum,the-graph,5
celo,ethereum,4
decentraland,tools,4
ethereum,golem-network-tokens,4
ethereum,holo,4
ethereum,iota,4
ethereum,nervos-network,4
ethereum,solana,4
ethereum,storj,4
ethereum,synthetix,4
ethereum-classic,polygon,4
general,polkadot,4
gnosis,tools,4
polkadot,polygon,4
polygon,tools,4
algorand,polygon,3
algorand,solana,3
blockchain,polygon,3
cardano,ethereum,3
cardano,iota,3
chainlink,gnosis,3
chainlink,nervos-network,3
chainlink,tools,3
chia,hedera-hashgraph,3
dash,ethereum,3
ethereum,hyperledger,3
ethereum,maidsafecoin,3
ethereum,origin-protocol,3
general,gnosis,3
general,maidsafecoin,3
general,solana,3
gnosis,nervos-network,3
gnosis,solana,3
hedera-hashgraph,iota,3
holo,polkadot,3
holo,tools,3
maidsafecoin,nervos-network,3
maidsafecoin,solana,3
nervos-network,solana,3
synthetix,tools,3
synthetix,uniswap,3
aelf,maidsafecoin,2
aelf,solana,2
algorand,chainlink,2
algorand,ethereum,2
algorand,polkadot,2
ankr,ethereum,2
bancor,chainlink,2
bancor,ethereum,2
bancor,general,2
bancor,gnosis,2
bancor,maidsafecoin,2
bancor,nervos-network,2
bancor,solana,2
binance,tools,2
blockchain,cardano,2
blockchain,chainlink,2
blockchain,chia,2
blockchain,golem-network-tokens,2
blockchain,hedera-hashgraph,2
blockchain,iota,2
blockchain,solana,2
cardano,chainlink,2
cardano,chia,2
cardano,decentraland,2
cardano,dfinity,2
cardano,gnosis,2
cardano,golem-network-tokens,2
cardano,hedera-hashgraph,2
cardano,holo,2
cardano,nervos-network,2
cardano,polkadot,2
cardano,solana,2
cardano,tools,2
chainlink,decentraland,2
chainlink,dfinity,2
chainlink,general,2
chainlink,hedera-hashgraph,2
chainlink,holo,2
chainlink,iota,2
chainlink,maidsafecoin,2
chainlink,polkadot,2
chainlink,solana,2
chia,ethereum,2
chia,flow,2
chia,golem-network-tokens,2
chia,iota,2
chia,monero,2
chia,solana,2
cosmos,ethereum,2
cosmos,gnosis,2
dash,flow,2
dash,the-graph,2
decentraland,dfinity,2
decentraland,ethereum,2
decentraland,gnosis,2
decentraland,holo,2
decentraland,iota,2
decentraland,nervos-network,2
decentraland,polkadot,2
decentraland,the-graph,2
dfinity,ethereum,2
dfinity,gnosis,2
dfinity,holo,2
dfinity,iota,2
dfinity,nervos-network,2
dfinity,polkadot,2
dfinity,tools,2
energy-web-token,ethereum,2
energy-web-token,origin-protocol,2
eos,general,2
eos,steem,2
ethereum,flow,2
ethereum,hedera-hashgraph,2
ethereum,horizen,2
ethereum,monero,2
ethereum,opensea,2
ethereum,rlc,2
ethereum-classic,tools,2
fantom,polygon,2
flow,hedera-hashgraph,2
flow,holo,2
flow,storj,2
flow,the-graph,2
general,hyperledger,2
general,nervos-network,2
general,synthetix,2
general,tools,2
general,uniswap,2
gnosis,holo,2
gnosis,hyperledger,2
gnosis,iota,2
gnosis,maidsafecoin,2
gnosis,polkadot,2
gnosis,synthetix,2
golem-network-tokens,hedera-hashgraph,2
golem-network-tokens,iota,2
golem-network-tokens,solana,2
hedera-hashgraph,hyperledger,2
hedera-hashgraph,lisk,2
hedera-hashgraph,solana,2
hedera-hashgraph,synthetix,2
holo,iota,2
holo,nervos-network,2
hyperledger,solana,2
iota,nervos-network,2
iota,polkadot,2
iota,solana,2
iota,tools,2
nervos-network,polkadot,2
nervos-network,tools,2
opensea,tools,2
origin-protocol,tools,2
polkadot,solana,2
polkadot,the-graph,2
polkadot,tools,2
polygon,solana,2
the-graph,tools,2
aave,dash,1
aave,ethereum,1
aave,flow,1
aave,storj,1
aave,the-graph,1
aave,uniswap,1
aelf,bancor,1
aelf,chainlink,1
aelf,chia,1
aelf,dash,1
aelf,ethereum,1
aelf,general,1
aelf,gnosis,1
aelf,nervos-network,1
algorand,bancor,1
algorand,binance,1
algorand,blockchain,1
algorand,cardano,1
algorand,celer-network,1
algorand,celo,1
algorand,chia,1
algorand,cosmos,1
algorand,dash,1
algorand,decentraland,1
algorand,dfinity,1
algorand,eos,1
algorand,flow,1
algorand,general,1
algorand,gnosis,1
algorand,golem-network-tokens,1
algorand,hedera-hashgraph,1
algorand,holo,1
algorand,hyperledger,1
algorand,iota,1
algorand,lisk,1
algorand,maidsafecoin,1
algorand,nervos-network,1
algorand,nkn,1
algorand,omg,1
algorand,opensea,1
algorand,singularitynet,1
algorand,steem,1
algorand,synthetix,1
algorand,terra,1
algorand,the-graph,1
algorand,tools,1
algorand,uniswap,1
ankr,polkadot,1
bancor,binance,1
bancor,blockchain,1
bancor,cardano,1
bancor,celer-network,1
bancor,celo,1
bancor,chia,1
bancor,cosmos,1
bancor,dash,1
bancor,decentraland,1
bancor,dfinity,1
bancor,eos,1
bancor,flow,1
bancor,golem-network-tokens,1
bancor,hedera-hashgraph,1
bancor,holo,1
bancor,hyperledger,1
bancor,iota,1
bancor,lisk,1
bancor,nkn,1
bancor,omg,1
bancor,opensea,1
bancor,polkadot,1
bancor,polygon,1
bancor,singularitynet,1
bancor,steem,1
bancor,synthetix,1
bancor,terra,1
bancor,the-graph,1
bancor,tools,1
bancor,uniswap,1
binance,blockchain,1
binance,cardano,1
binance,celer-network,1
binance,celo,1
binance,chainlink,1
binance,chia,1
binance,cosmos,1
binance,dash,1
binance,decentraland,1
binance,dfinity,1
binance,eos,1
binance,ethereum,1
binance,flow,1
binance,general,1
binance,gnosis,1
binance,golem-network-tokens,1
binance,hedera-hashgraph,1
binance,holo,1
binance,hyperledger,1
binance,iota,1
binance,lisk,1
binance,maidsafecoin,1
binance,nervos-network,1
binance,nkn,1
binance,omg,1
binance,opensea,1
binance,polkadot,1
binance,polygon,1
binance,singularitynet,1
binance,solana,1
binance,steem,1
binance,synthetix,1
binance,terra,1
binance,the-graph,1
binance,uniswap,1
blockchain,celer-network,1
blockchain,celo,1
blockchain,cosmos,1
blockchain,dash,1
blockchain,decentraland,1
blockchain,dfinity,1
blockchain,eos,1
blockchain,ethereum-classic,1
blockchain,flow,1
blockchain,general,1
blockchain,gnosis,1
blockchain,holo,1
blockchain,hyperledger,1
blockchain,lisk,1
blockchain,maidsafecoin,1
blockchain,monero,1
blockchain,nervos-network,1
blockchain,nkn,1
blockchain,omg,1
blockchain,opensea,1
blockchain,polkadot,1
blockchain,singularitynet,1
blockchain,steem,1
blockchain,synthetix,1
blockchain,terra,1
blockchain,the-graph,1
blockchain,tools,1
blockchain,uniswap,1
cardano,celer-network,1
cardano,celo,1
cardano,cosmos,1
cardano,dash,1
cardano,eos,1
cardano,flow,1
cardano,general,1
cardano,hyperledger,1
cardano,lisk,1
cardano,maidsafecoin,1
cardano,monero,1
cardano,nkn,1
cardano,omg,1
cardano,opensea,1
cardano,origin-protocol,1
cardano,polygon,1
cardano,singularitynet,1
cardano,steem,1
cardano,storj,1
cardano,synthetix,1
cardano,terra,1
cardano,the-graph,1
cardano,uniswap,1
cartesi,ethereum,1
celer-network,celo,1
celer-network,chainlink,1
celer-network,chia,1
celer-network,cosmos,1
celer-network,dash,1
celer-network,decentraland,1
celer-network,dfinity,1
celer-network,eos,1
celer-network,ethereum,1
celer-network,flow,1
celer-network,general,1
celer-network,gnosis,1
celer-network,golem-network-tokens,1
celer-network,hedera-hashgraph,1
celer-network,holo,1
celer-network,hyperledger,1
celer-network,iota,1
celer-network,lisk,1
celer-network,maidsafecoin,1
celer-network,nervos-network,1
celer-network,nkn,1
celer-network,omg,1
celer-network,opensea,1
celer-network,polkadot,1
celer-network,polygon,1
celer-network,singularitynet,1
celer-network,solana,1
celer-network,steem,1
celer-network,synthetix,1
celer-network,terra,1
celer-network,the-graph,1
celer-network,tools,1
celer-network,uniswap,1
celo,chainlink,1
celo,chia,1
celo,cosmos,1
celo,dash,1
celo,decentraland,1
celo,dfinity,1
celo,energy-web-token,1
celo,eos,1
celo,flow,1
celo,general,1
celo,gnosis,1
celo,golem-network-tokens,1
celo,hedera-hashgraph,1
celo,holo,1
celo,hyperledger,1
celo,iota,1
celo,lisk,1
celo,maidsafecoin,1
celo,nervos-network,1
celo,nkn,1
celo,omg,1
celo,opensea,1
celo,origin-protocol,1
celo,polkadot,1
celo,polygon,1
celo,singularitynet,1
celo,solana,1
celo,steem,1
celo,synthetix,1
celo,terra,1
celo,the-graph,1
celo,tools,1
celo,uniswap,1
chainlink,chia,1
chainlink,cosmos,1
chainlink,dash,1
chainlink,eos,1
chainlink,flow,1
chainlink,golem-network-tokens,1
chainlink,hyperledger,1
chainlink,lisk,1
chainlink,nkn,1
chainlink,omg,1
chainlink,opensea,1
chainlink,origin-protocol,1
chainlink,polygon,1
chainlink,singularitynet,1
chainlink,steem,1
chainlink,storj,1
chainlink,synthetix,1
chainlink,terra,1
chainlink,the-graph,1
chainlink,uniswap,1
chia,cosmos,1
chia,decentraland,1
chia,dfinity,1
chia,energy-web-token,1
chia,eos,1
chia,general,1
chia,gnosis,1
chia,holo,1
chia,hyperledger,1
chia,lisk,1
chia,maidsafecoin,1
chia,nervos-network,1
chia,nkn,1
chia,omg,1
chia,opensea,1
chia,polkadot,1
chia,polygon,1
chia,singularitynet,1
chia,steem,1
chia,storj,1
chia,synthetix,1
chia,terra,1
chia,the-graph,1
chia,tools,1
chia,uniswap,1
compound,energy-web-token,1
compound,thor,1
compound,uniswap,1
cosmos,dash,1
cosmos,decentraland,1
cosmos,dfinity,1
cosmos,eos,1
cosmos,flow,1
cosmos,general,1
cosmos,golem-network-tokens,1
cosmos,hedera-hashgraph,1
cosmos,holo,1
cosmos,hyperledger,1
cosmos,iota,1
cosmos,lisk,1
cosmos,maidsafecoin,1
cosmos,nervos-network,1
cosmos,nkn,1
cosmos,omg,1
cosmos,opensea,1
cosmos,polkadot,1
cosmos,polygon,1
cosmos,singularitynet,1
cosmos,solana,1
cosmos,steem,1
cosmos,synthetix,1
cosmos,terra,1
cosmos,the-graph,1
cosmos,tools,1
cosmos,uniswap,1
curve-dao-token,icon,1
curve-dao-token,livepeer,1
curve-dao-token,origin-protocol,1
curve-dao-token,tools,1
dash,decentraland,1
dash,dfinity,1
dash,eos,1
dash,general,1
dash,gnosis,1
dash,golem-network-tokens,1
dash,hedera-hashgraph,1
dash,holo,1
dash,hyperledger,1
dash,iota,1
dash,lisk,1
dash,maidsafecoin,1
dash,monero,1
dash,nervos-network,1
dash,nkn,1
dash,omg,1
dash,opensea,1
dash,polkadot,1
dash,polygon,1
dash,singularitynet,1
dash,solana,1
dash,steem,1
dash,storj,1
dash,synthetix,1
dash,terra,1
dash,tools,1
dash,uniswap,1
decentraland,eos,1
decentraland,flow,1
decentraland,general,1
decentraland,golem-network-tokens,1
decentraland,hedera-hashgraph,1
decentraland,horizen,1
decentraland,hyperledger,1
decentraland,lisk,1
decentraland,maidsafecoin,1
decentraland,nkn,1
decentraland,omg,1
decentraland,opensea,1
decentraland,origin-protocol,1
decentraland,polygon,1
decentraland,singularitynet,1
decentraland,solana,1
decentraland,steem,1
decentraland,storj,1
decentraland,synthetix,1
decentraland,terra,1
decentraland,uniswap,1
decred,ethereum,1
dfinity,eos,1
dfinity,flow,1
dfinity,general,1
dfinity,golem-network-tokens,1
dfinity,hedera-hashgraph,1
dfinity,hyperledger,1
dfinity,lisk,1
dfinity,maidsafecoin,1
dfinity,nkn,1
dfinity,omg,1
dfinity,opensea,1
dfinity,origin-protocol,1
dfinity,polygon,1
dfinity,singularitynet,1
dfinity,solana,1
dfinity,steem,1
dfinity,storj,1
dfinity,synthetix,1
dfinity,terra,1
dfinity,the-graph,1
dfinity,uniswap,1
energy-web-token,flow,1
energy-web-token,hedera-hashgraph,1
enzyme,ethereum,1
enzyme,polkadot,1
enzyme,polygon,1
eos,ethereum,1
eos,flow,1
eos,gnosis,1
eos,golem-network-tokens,1
eos,hedera-hashgraph,1
eos,holo,1
eos,hyperledger,1
eos,iota,1
eos,lisk,1
eos,maidsafecoin,1
eos,nervos-network,1
eos,nkn,1
eos,omg,1
eos,opensea,1
eos,polkadot,1
eos,polygon,1
eos,singularitynet,1
eos,solana,1
eos,synthetix,1
eos,terra,1
eos,the-graph,1
eos,tools,1
eos,uniswap,1
ethereum,fantom,1
ethereum,lisk,1
ethereum,nkn,1
ethereum,omg,1
ethereum,singularitynet,1
ethereum,steem,1
ethereum,terra,1
ethereum,zilliqa,1
ethereum-classic,ripple,1
flow,general,1
flow,gnosis,1
flow,golem-network-tokens,1
flow,hyperledger,1
flow,iota,1
flow,lisk,1
flow,maidsafecoin,1
flow,nervos-network,1
flow,nkn,1
flow,omg,1
flow,opensea,1
flow,polkadot,1
flow,polygon,1
flow,singularitynet,1
flow,solana,1
flow,steem,1
flow,synthetix,1
flow,terra,1
flow,tools,1
flow,uniswap,1
general,golem-network-tokens,1
general,hedera-hashgraph,1
general,holo,1
general,iota,1
general,lisk,1
general,nkn,1
general,omg,1
general,opensea,1
general,polygon,1
general,singularitynet,1
general,steem,1
general,terra,1
general,the-graph,1
gnosis,golem-network-tokens,1
gnosis,hedera-hashgraph,1
gnosis,lisk,1
gnosis,nkn,1
gnosis,omg,1
gnosis,opensea,1
gnosis,origin-protocol,1
gnosis,polygon,1
gnosis,singularitynet,1
gnosis,steem,1
gnosis,storj,1
gnosis,terra,1
gnosis,the-graph,1
gnosis,uniswap,1
golem-network-tokens,holo,1
golem-network-tokens,hyperledger,1
golem-network-tokens,lisk,1
golem-network-tokens,maidsafecoin,1
golem-network-tokens,monero,1
golem-network-tokens,nervos-network,1
golem-network-tokens,nkn,1
golem-network-tokens,omg,1
golem-network-tokens,opensea,1
golem-network-tokens,polkadot,1
golem-network-tokens,polygon,1
golem-network-tokens,singularitynet,1
golem-network-tokens,steem,1
golem-network-tokens,synthetix,1
golem-network-tokens,terra,1
golem-network-tokens,the-graph,1
golem-network-tokens,tools,1
golem-network-tokens,uniswap,1
hedera-hashgraph,holo,1
hedera-hashgraph,maidsafecoin,1
hedera-hashgraph,monero,1
hedera-hashgraph,nervos-network,1
hedera-hashgraph,nkn,1
hedera-hashgraph,omg,1
hedera-hashgraph,opensea,1
hedera-hashgraph,polkadot,1
hedera-hashgraph,polygon,1
hedera-hashgraph,singularitynet,1
hedera-hashgraph,steem,1
hedera-hashgraph,terra,1
hedera-hashgraph,the-graph,1
hedera-hashgraph,tools,1
hedera-hashgraph,uniswap,1
holo,hyperledger,1
holo,lisk,1
holo,maidsafecoin,1
holo,nkn,1
holo,omg,1
holo,opensea,1
holo,origin-protocol,1
holo,polygon,1
holo,singularitynet,1
holo,solana,1
holo,steem,1
holo,storj,1
holo,synthetix,1
holo,terra,1
holo,the-graph,1
holo,uniswap,1
horizen,omg,1
horizen,polygon,1
horizen,ripple,1
horizen,storj,1
hyperledger,iota,1
hyperledger,lisk,1
hyperledger,maidsafecoin,1
hyperledger,nervos-network,1
hyperledger,nkn,1
hyperledger,omg,1
hyperledger,opensea,1
hyperledger,polkadot,1
hyperledger,polygon,1
hyperledger,singularitynet,1
hyperledger,steem,1
hyperledger,synthetix,1
hyperledger,terra,1
hyperledger,the-graph,1
hyperledger,tools,1
hyperledger,uniswap,1
iota,lisk,1
iota,maidsafecoin,1
iota,monero,1
iota,nano,1
iota,nkn,1
iota,omg,1
iota,opensea,1
iota,origin-protocol,1
iota,polygon,1
iota,singularitynet,1
iota,steem,1
iota,storj,1
iota,synthetix,1
iota,terra,1
iota,the-graph,1
iota,uniswap,1
lisk,maidsafecoin,1
lisk,nervos-network,1
lisk,nkn,1
lisk,omg,1
lisk,opensea,1
lisk,polkadot,1
lisk,polygon,1
lisk,singularitynet,1
lisk,solana,1
lisk,steem,1
lisk,synthetix,1
lisk,terra,1
lisk,the-graph,1
lisk,tools,1
lisk,uniswap,1
livepeer,tools,1
maidsafecoin,nkn,1
maidsafecoin,omg,1
maidsafecoin,opensea,1
maidsafecoin,polkadot,1
maidsafecoin,polygon,1
maidsafecoin,singularitynet,1
maidsafecoin,steem,1
maidsafecoin,synthetix,1
maidsafecoin,terra,1
maidsafecoin,the-graph,1
maidsafecoin,tools,1
maidsafecoin,uniswap,1
monero,solana,1
nervos-network,nkn,1
nervos-network,omg,1
nervos-network,opensea,1
nervos-network,origin-protocol,1
nervos-network,polygon,1
nervos-network,singularitynet,1
nervos-network,steem,1
nervos-network,storj,1
nervos-network,synthetix,1
nervos-network,terra,1
nervos-network,the-graph,1
nervos-network,uniswap,1
nkn,omg,1
nkn,opensea,1
nkn,polkadot,1
nkn,polygon,1
nkn,singularitynet,1
nkn,solana,1
nkn,steem,1
nkn,synthetix,1
nkn,terra,1
nkn,the-graph,1
nkn,tools,1
nkn,uniswap,1
omg,opensea,1
omg,polkadot,1
omg,polygon,1
omg,singularitynet,1
omg,solana,1
omg,steem,1
omg,synthetix,1
omg,terra,1
omg,the-graph,1
omg,tools,1
omg,uniswap,1
opensea,polkadot,1
opensea,polygon,1
opensea,singularitynet,1
opensea,solana,1
opensea,steem,1
opensea,synthetix,1
opensea,terra,1
opensea,the-graph,1
opensea,uniswap,1
origin-protocol,polkadot,1
origin-protocol,storj,1
polkadot,singularitynet,1
polkadot,steem,1
polkadot,storj,1
polkadot,synthetix,1
polkadot,terra,1
polkadot,uniswap,1
polygon,singularitynet,1
polygon,steem,1
polygon,storj,1
polygon,synthetix,1
polygon,terra,1
polygon,the-graph,1
polygon,uniswap,1
polygon,zilliqa,1
singularitynet,solana,1
singularitynet,steem,1
singularitynet,synthetix,1
singularitynet,terra,1
singularitynet,the-graph,1
singularitynet,tools,1
singularitynet,uniswap,1
solana,steem,1
solana,synthetix,1
solana,terra,1
solana,the-graph,1
solana,tools,1
solana,uniswap,1
steem,synthetix,1
steem,terra,1
steem,the-graph,1
steem,tools,1
steem,uniswap,1
storj,the-graph,1
storj,tools,1
synthetix,terra,1
synthetix,the-graph,1
terra,the-graph,1
terra,tools,1
terra,uniswap,1
the-graph,uniswap,1
tools,uniswap,1
